{"Dissocation energy (nucleofuge)": {"Fingerprints": 0.711, "MPNN": 0.722, "SE3Transformer": 0.797, "gaussian_process": 0.8412166702733251, "decision_tree": 0.7211367686679216, "svm": 0.0}, "Dissociation energy (electrofuge)": {"Fingerprints": 0.517, "MPNN": 0.592, "SE3Transformer": 0.762, "gaussian_process": 0.5962489630980515, "decision_tree": 0.3646764548653135, "svm": 0.10240518471250253}, "Electroaccepting power(w+)": {"Fingerprints": 0.679, "MPNN": 0.592, "SE3Transformer": 0.726, "gaussian_process": 0.7370799340848305, "decision_tree": 0.495014952652215, "svm": 0.41700494776155794}, "Electrodonating power (w-)": {"Fingerprints": 0.702, "MPNN": 0.693, "SE3Transformer": 0.818, "gaussian_process": 0.7548818585525287, "decision_tree": 0.5609448729477148, "svm": 0.19617676925941466}, "Electronegativity (chi=-mu)": {"Fingerprints": 0.618, "MPNN": 0.706, "SE3Transformer": 0.77, "gaussian_process": 0.6565821023468081, "decision_tree": 0.4946289667476801, "svm": 0.0}, "Electronic chemical potential (mu)": {"Fingerprints": 0.612, "MPNN": 0.756, "SE3Transformer": 0.813, "gaussian_process": 0.7225847041435336, "decision_tree": 0.48880766965100575, "svm": 0.0}, "Electronic chemical potential (mu+)": {"Fingerprints": 0.457, "MPNN": 0.643, "SE3Transformer": 0.626, "gaussian_process": 0.6257939604146765, "decision_tree": 0.4217868169769754, "svm": 0.34967133754541485}, "Electronic chemical potential (mu-)": {"Fingerprints": 0.78, "MPNN": 0.746, "SE3Transformer": 0.815, "gaussian_process": 0.8183909283561256, "decision_tree": 0.6516821413061703, "svm": 0.0}, "Electrophilicity index (w=omega)": {"Fingerprints": 0.741, "MPNN": 0.72, "SE3Transformer": 0.768, "gaussian_process": 0.7706197524229759, "decision_tree": 0.5405517616791202, "svm": 0.0}, "Global Dual Descriptor Deltaf+": {"Fingerprints": 0.518, "MPNN": 0.188, "SE3Transformer": 0.434, "gaussian_process": 0.48066883078905454, "decision_tree": 0.29137398375495677, "svm": 0.5504022510420026}, "Global Dual Descriptor Deltaf-": {"Fingerprints": 0.476, "MPNN": 0.336, "SE3Transformer": 0.484, "gaussian_process": 0.49244395484631137, "decision_tree": 0.3180365906027506, "svm": 0.5440969519962965}, "Hardness (eta)": {"Fingerprints": 0.598, "MPNN": 0.739, "SE3Transformer": 0.709, "gaussian_process": 0.7524342105309411, "decision_tree": 0.6574776562843229, "svm": 0.7061107280604622}, "Hyperhardness (gamma)": {"Fingerprints": 0.511, "MPNN": 0.442, "SE3Transformer": 0.64, "gaussian_process": 0.687242012569099, "decision_tree": 0.48413157598995327, "svm": 0.5025767217109158}, "Net Electrophilicity": {"Fingerprints": 0.749, "MPNN": 0.754, "SE3Transformer": 0.816, "gaussian_process": 0.7846990352885919, "decision_tree": 0.5656903722623351, "svm": 0.5875989402475233}, "Softness (S)": {"Fingerprints": 0.433, "MPNN": 0.42, "SE3Transformer": 0.627, "gaussian_process": 0.22547248421802324, "decision_tree": 0.30264263880480247, "svm": 0.6938778592768368}}