{"Dissocation energy (nucleofuge)": {"Fingerprints": 0.806, "MPNN": 0.682, "SE3Transformer": 0.8, "gaussian_process": 0.8382829383250335, "decision_tree": 0.6856721398947595, "svm": 0.0}, "Dissociation energy (electrofuge)": {"Fingerprints": 0.45, "MPNN": 0.443, "SE3Transformer": 0.789, "gaussian_process": 0.6837023781927147, "decision_tree": 0.4723752241788818, "svm": 0.42610448613113083}, "Electroaccepting power(w+)": {"Fingerprints": 0.746, "MPNN": 0.536, "SE3Transformer": 0.756, "gaussian_process": 0.7858396093772013, "decision_tree": 0.48213282108120853, "svm": 0.07476992560678959}, "Electrodonating power (w-)": {"Fingerprints": 0.69, "MPNN": 0.765, "SE3Transformer": 0.778, "gaussian_process": 0.749530614210217, "decision_tree": 0.4612977378835392, "svm": 0.27516896497938176}, "Electronegativity (chi=-mu)": {"Fingerprints": 0.649, "MPNN": 0.747, "SE3Transformer": 0.803, "gaussian_process": 0.7005947330877631, "decision_tree": 0.5215535391928123, "svm": 0.2723277528201205}, "Electronic chemical potential (mu)": {"Fingerprints": 0.598, "MPNN": 0.626, "SE3Transformer": 0.687, "gaussian_process": 0.7597894018253305, "decision_tree": 0.4997232966823981, "svm": 0.2641208908598222}, "Electronic chemical potential (mu+)": {"Fingerprints": 0.283, "MPNN": 0.487, "SE3Transformer": 0.715, "gaussian_process": 0.6061254193353377, "decision_tree": 0.33003003639271633, "svm": 0.4715175296062554}, "Electronic chemical potential (mu-)": {"Fingerprints": 0.821, "MPNN": 0.731, "SE3Transformer": 0.812, "gaussian_process": 0.8502475068155838, "decision_tree": 0.6264653388603529, "svm": 0.0}, "Electrophilicity index (w=omega)": {"Fingerprints": 0.691, "MPNN": 0.578, "SE3Transformer": 0.703, "gaussian_process": 0.7665642179268765, "decision_tree": 0.5813591191887216, "svm": 0.0}, "Global Dual Descriptor Deltaf+": {"Fingerprints": 0.336, "MPNN": 0.199, "SE3Transformer": 0.443, "gaussian_process": 0.5328776949792956, "decision_tree": 0.29756180029702906, "svm": 0.5668353408440601}, "Global Dual Descriptor Deltaf-": {"Fingerprints": 0.444, "MPNN": 0.36, "SE3Transformer": 0.471, "gaussian_process": 0.5721734286292678, "decision_tree": 0.3333249897133277, "svm": 0.4716552726036717}, "Hardness (eta)": {"Fingerprints": 0.627, "MPNN": 0.713, "SE3Transformer": 0.75, "gaussian_process": 0.8097624601807333, "decision_tree": 0.6441046379352996, "svm": 0.6475546581039566}, "Hyperhardness (gamma)": {"Fingerprints": 0.492, "MPNN": 0.552, "SE3Transformer": 0.461, "gaussian_process": 0.615480724857943, "decision_tree": 0.4335223671856869, "svm": 0.566992986330314}, "Net Electrophilicity": {"Fingerprints": 0.777, "MPNN": 0.741, "SE3Transformer": 0.831, "gaussian_process": 0.7428337406362973, "decision_tree": 0.5601672999629038, "svm": 0.6152573598588015}, "Softness (S)": {"Fingerprints": 0.478, "MPNN": 0.369, "SE3Transformer": 0.546, "gaussian_process": 0.4804938584641931, "decision_tree": 0.4352076549987854, "svm": 0.47781358733735335}}