{"Dissocation energy (nucleofuge)": {"Fingerprints": 0.691, "MPNN": 0.627, "SE3Transformer": 0.697, "gaussian_process": 0.8131283733633851, "decision_tree": 0.710113330961938, "svm": 0.14756049009642308}, "Dissociation energy (electrofuge)": {"Fingerprints": 0.616, "MPNN": 0.678, "SE3Transformer": 0.812, "gaussian_process": 0.7336986729545506, "decision_tree": 0.49507460411000964, "svm": -0.034567701211402437}, "Electroaccepting power(w+)": {"Fingerprints": 0.395, "MPNN": 0.54, "SE3Transformer": 0.636, "gaussian_process": 0.447018385680584, "decision_tree": 0.26725429553018054, "svm": 0.054761261736440935}, "Electrodonating power (w-)": {"Fingerprints": 0.623, "MPNN": 0.517, "SE3Transformer": 0.737, "gaussian_process": 0.6471332149755776, "decision_tree": 0.41692885411704755, "svm": 0.3255956383882905}, "Electronegativity (chi=-mu)": {"Fingerprints": 0.708, "MPNN": 0.826, "SE3Transformer": 0.865, "gaussian_process": 0.7917746619046063, "decision_tree": 0.5706844009220455, "svm": 0.0}, "Electronic chemical potential (mu)": {"Fingerprints": 0.675, "MPNN": 0.596, "SE3Transformer": 0.845, "gaussian_process": 0.7710263471629956, "decision_tree": 0.5784705641164596, "svm": 0.0}, "Electronic chemical potential (mu+)": {"Fingerprints": 0.485, "MPNN": 0.61, "SE3Transformer": 0.782, "gaussian_process": 0.7188381911729541, "decision_tree": 0.5198770141875638, "svm": 0.49885842129301333}, "Electronic chemical potential (mu-)": {"Fingerprints": 0.77, "MPNN": 0.865, "SE3Transformer": 0.838, "gaussian_process": 0.8116265068480703, "decision_tree": 0.6331753426130657, "svm": 0.26554804364341694}, "Electrophilicity index (w=omega)": {"Fingerprints": 0.547, "MPNN": 0.617, "SE3Transformer": 0.644, "gaussian_process": 0.5821299078269279, "decision_tree": 0.4949465696615326, "svm": 0.10794952189071774}, "Global Dual Descriptor Deltaf+": {"Fingerprints": 0.476, "MPNN": 0.355, "SE3Transformer": 0.566, "gaussian_process": 0.5024384867371327, "decision_tree": 0.33616133348208377, "svm": 0.501326291294102}, "Global Dual Descriptor Deltaf-": {"Fingerprints": 0.539, "MPNN": 0.313, "SE3Transformer": 0.519, "gaussian_process": 0.5582437883382804, "decision_tree": 0.31727361822116773, "svm": 0.491418177101834}, "Hardness (eta)": {"Fingerprints": 0.631, "MPNN": 0.665, "SE3Transformer": 0.761, "gaussian_process": 0.7917941445912268, "decision_tree": 0.5817924130757112, "svm": 0.5283613222783128}, "Hyperhardness (gamma)": {"Fingerprints": 0.511, "MPNN": 0.434, "SE3Transformer": 0.723, "gaussian_process": 0.6941471207456024, "decision_tree": 0.4778617582781951, "svm": 0.4959625031048285}, "Net Electrophilicity": {"Fingerprints": 0.708, "MPNN": 0.669, "SE3Transformer": 0.685, "gaussian_process": 0.7684853416852836, "decision_tree": 0.39755036768394175, "svm": 0.5072151919188848}, "Softness (S)": {"Fingerprints": 0.306, "MPNN": 0.305, "SE3Transformer": 0.437, "gaussian_process": 0.341806974189694, "decision_tree": 0.13492930920933896, "svm": 0.45756534912935487}}