{"Dissocation energy (nucleofuge)": {"Fingerprints": 0.773, "MPNN": 0.817, "SE3Transformer": 0.841, "gaussian_process": 0.8587038967163162, "decision_tree": 0.7202950786824688, "svm": -0.034257913708433174}, "Dissociation energy (electrofuge)": {"Fingerprints": 0.727, "MPNN": 0.765, "SE3Transformer": 0.826, "gaussian_process": 0.7747541446296693, "decision_tree": 0.5520372375454548, "svm": 0.43595360348455187}, "Electroaccepting power(w+)": {"Fingerprints": 0.611, "MPNN": 0.706, "SE3Transformer": 0.714, "gaussian_process": 0.6467133061261175, "decision_tree": 0.4730953762283132, "svm": 0.34050215724448335}, "Electrodonating power (w-)": {"Fingerprints": 0.742, "MPNN": 0.578, "SE3Transformer": 0.812, "gaussian_process": 0.7968540129278637, "decision_tree": 0.5710038398035178, "svm": 0.519531007095974}, "Electronegativity (chi=-mu)": {"Fingerprints": 0.785, "MPNN": 0.808, "SE3Transformer": 0.861, "gaussian_process": 0.8213983227830616, "decision_tree": 0.6490976482390387, "svm": 0.5781637341530418}, "Electronic chemical potential (mu)": {"Fingerprints": 0.763, "MPNN": 0.812, "SE3Transformer": 0.871, "gaussian_process": 0.829571511572031, "decision_tree": 0.6389720141515822, "svm": 0.6046693154289295}, "Electronic chemical potential (mu+)": {"Fingerprints": 0.672, "MPNN": 0.649, "SE3Transformer": 0.779, "gaussian_process": 0.7681206319509739, "decision_tree": 0.5462937925282946, "svm": 0.43713094689672677}, "Electronic chemical potential (mu-)": {"Fingerprints": 0.861, "MPNN": 0.887, "SE3Transformer": 0.9, "gaussian_process": 0.8703099847566507, "decision_tree": 0.7513879708830574, "svm": 0.6528537950930869}, "Electrophilicity index (w=omega)": {"Fingerprints": 0.664, "MPNN": 0.662, "SE3Transformer": 0.777, "gaussian_process": 0.7281574853562, "decision_tree": 0.5209512351062658, "svm": 0.39324691724006666}, "Global Dual Descriptor Deltaf+": {"Fingerprints": 0.59, "MPNN": 0.591, "SE3Transformer": 0.539, "gaussian_process": 0.6443622029371011, "decision_tree": 0.4405912617946129, "svm": 0.6105841817918939}, "Global Dual Descriptor Deltaf-": {"Fingerprints": 0.594, "MPNN": 0.486, "SE3Transformer": 0.589, "gaussian_process": 0.6228899539269958, "decision_tree": 0.4480550873307809, "svm": 0.5977561384687462}, "Hardness (eta)": {"Fingerprints": 0.763, "MPNN": 0.795, "SE3Transformer": 0.826, "gaussian_process": 0.8059957145201366, "decision_tree": 0.6637827196680539, "svm": 0.6815936542095293}, "Hyperhardness (gamma)": {"Fingerprints": 0.687, "MPNN": 0.631, "SE3Transformer": 0.698, "gaussian_process": 0.7085171644383198, "decision_tree": 0.4832447777723112, "svm": 0.47532140870051653}, "Net Electrophilicity": {"Fingerprints": 0.704, "MPNN": 0.715, "SE3Transformer": 0.735, "gaussian_process": 0.6892873447901954, "decision_tree": 0.5673610653708098, "svm": 0.5861074815011948}, "Softness (S)": {"Fingerprints": 0.433, "MPNN": 0.331, "SE3Transformer": 0.436, "gaussian_process": 0.3619498623014845, "decision_tree": 0.23117128241165533, "svm": 0.4470773978250894}}