{"Dissocation energy (nucleofuge)": {"Fingerprints": 0.804, "MPNN": 0.735, "SE3Transformer": 0.815, "gaussian_process": 0.8347465950340619, "decision_tree": 0.7788192082056951, "svm": 0.0}, "Dissociation energy (electrofuge)": {"Fingerprints": 0.627, "MPNN": 0.753, "SE3Transformer": 0.808, "gaussian_process": 0.7559123434092632, "decision_tree": 0.5372165431557043, "svm": 0.39207083565800466}, "Electroaccepting power(w+)": {"Fingerprints": 0.538, "MPNN": 0.623, "SE3Transformer": 0.657, "gaussian_process": 0.6675229985126386, "decision_tree": 0.4613787822558731, "svm": 0.19288355173493626}, "Electrodonating power (w-)": {"Fingerprints": 0.766, "MPNN": 0.787, "SE3Transformer": 0.81, "gaussian_process": 0.7901452879697919, "decision_tree": 0.5915884724665293, "svm": 0.4956011348320377}, "Electronegativity (chi=-mu)": {"Fingerprints": 0.804, "MPNN": 0.834, "SE3Transformer": 0.861, "gaussian_process": 0.8166952331090157, "decision_tree": 0.6012132629184361, "svm": 0.6100506629586446}, "Electronic chemical potential (mu)": {"Fingerprints": 0.775, "MPNN": 0.803, "SE3Transformer": 0.849, "gaussian_process": 0.8276201219034099, "decision_tree": 0.6317978053075832, "svm": 0.6111981019343053}, "Electronic chemical potential (mu+)": {"Fingerprints": 0.614, "MPNN": 0.655, "SE3Transformer": 0.719, "gaussian_process": 0.7056765505942635, "decision_tree": 0.5180818225350268, "svm": 0.44950852962780485}, "Electronic chemical potential (mu-)": {"Fingerprints": 0.853, "MPNN": 0.89, "SE3Transformer": 0.898, "gaussian_process": 0.8699903944713118, "decision_tree": 0.7377635090734065, "svm": 0.2933321327316583}, "Electrophilicity index (w=omega)": {"Fingerprints": 0.681, "MPNN": 0.736, "SE3Transformer": 0.74, "gaussian_process": 0.7515159358552652, "decision_tree": 0.5459531507503079, "svm": 0.013895550883921883}, "Global Dual Descriptor Deltaf+": {"Fingerprints": 0.566, "MPNN": 0.466, "SE3Transformer": 0.576, "gaussian_process": 0.576261983417432, "decision_tree": 0.38125945799445304, "svm": 0.5610757975104848}, "Global Dual Descriptor Deltaf-": {"Fingerprints": 0.569, "MPNN": 0.472, "SE3Transformer": 0.535, "gaussian_process": 0.6176183713108362, "decision_tree": 0.39102725802933874, "svm": 0.5776268300671029}, "Hardness (eta)": {"Fingerprints": 0.728, "MPNN": 0.735, "SE3Transformer": 0.788, "gaussian_process": 0.7809924142773276, "decision_tree": 0.6852859739911775, "svm": 0.674818439027641}, "Hyperhardness (gamma)": {"Fingerprints": 0.634, "MPNN": 0.61, "SE3Transformer": 0.684, "gaussian_process": 0.6298714015707612, "decision_tree": 0.5093435218161787, "svm": 0.4427933580879662}, "Net Electrophilicity": {"Fingerprints": 0.733, "MPNN": 0.755, "SE3Transformer": 0.767, "gaussian_process": 0.7510699543926674, "decision_tree": 0.5887389954034508, "svm": 0.6000760069115999}, "Softness (S)": {"Fingerprints": 0.281, "MPNN": 0.296, "SE3Transformer": 0.37, "gaussian_process": 0.08632776428490978, "decision_tree": 0.2608443021114831, "svm": 0.4109948667533277}}